ticket_id,shipment_id,created_at,region,topic,priority,first_response_hours,resolution_hours,first_response_sla_hours,sla_status,csat
TKT-00001,SHP-00540,2026-06-11 06:35:03.236892772,Sudeste,Endereço,Alta,6.41,0.5,4,Fora,3
TKT-00002,SHP-00571,2026-07-25 19:32:32.384697362,Nordeste,Atraso,Baixa,12.08,20.18,16,Dentro,1
TKT-00003,SHP-00372,2026-07-29 03:16:31.143008979,Sudeste,Reembolso,Alta,8.25,25.53,4,Fora,5
TKT-00004,SHP-00037,2026-07-04 06:03:38.812664419,Centro-Oeste,Avaria,Alta,5.09,12.3,4,Fora,5
TKT-00005,SHP-00458,2026-07-23 00:03:53.476308474,Sul,Onde está meu pedido?,Média,13.13,37.71,8,Fora,3
TKT-00006,SHP-00263,2026-06-11 09:40:31.787224638,Nordeste,Reembolso,Média,6.67,20.88,8,Dentro,5
TKT-00007,SHP-00207,2026-06-17 09:39:17.068307135,Nordeste,Endereço,Média,6.63,38.42,8,Dentro,4
TKT-00008,SHP-00217,2026-06-26 10:32:38.056341131,Nordeste,Reembolso,Média,7.71,47.47,8,Dentro,5
TKT-00009,SHP-00438,2026-07-25 18:42:44.725988220,Sul,Onde está meu pedido?,Média,0.47,27.94,8,Dentro,5
TKT-00010,SHP-00302,2026-06-28 20:22:18.521136895,Sudeste,Endereço,Média,7.85,14.15,8,Dentro,2
TKT-00011,SHP-00010,2026-07-20 23:20:47.498032044,Centro-Oeste,Reembolso,Média,5.52,23.57,8,Dentro,5
TKT-00012,SHP-00085,2026-06-12 21:01:39.623985522,Sudeste,Avaria,Média,8.36,5.54,8,Fora,2
TKT-00013,SHP-00757,2026-07-09 17:39:54.831830736,Centro-Oeste,Avaria,Baixa,9.28,26.61,16,Dentro,4
TKT-00014,SHP-00539,2026-07-03 07:08:53.004759500,Sudeste,Endereço,Alta,10.3,7.56,4,Fora,4
TKT-00015,SHP-00302,2026-06-29 04:32:33.895337460,Sudeste,Reentrega,Média,0.2,27.46,8,Dentro,2
TKT-00016,SHP-00403,2026-07-07 08:17:50.932608039,Centro-Oeste,Atraso,Baixa,0.2,35.37,16,Dentro,5
TKT-00017,SHP-00641,2026-06-26 22:29:56.124604235,Centro-Oeste,Atraso,Baixa,9.59,27.18,16,Dentro,4
TKT-00018,SHP-00882,2026-06-16 03:03:15.391604741,Nordeste,Onde está meu pedido?,Média,0.2,28.41,8,Dentro,3
TKT-00019,SHP-00146,2026-06-23 21:22:13.935019433,Sul,Endereço,Baixa,8.14,33.03,16,Dentro,5
TKT-00020,SHP-00653,2026-06-18 08:08:59.046306832,Sudeste,Onde está meu pedido?,Média,10.44,6.28,8,Fora,3
TKT-00021,SHP-00117,2026-07-23 07:50:40.833433292,Nordeste,Atraso,Baixa,7.58,37.56,16,Dentro,2
TKT-00022,SHP-00677,2026-07-16 21:56:05.781172623,Centro-Oeste,Reembolso,Baixa,0.2,34.53,16,Dentro,5
TKT-00023,SHP-00471,2026-07-30 17:58:16.849780433,Centro-Oeste,Reembolso,Baixa,0.92,21.26,16,Dentro,4
TKT-00024,SHP-00425,2026-07-06 06:01:50.051676077,Nordeste,Endereço,Média,9.26,37.83,8,Fora,2
TKT-00025,SHP-00021,2026-06-06 07:19:54.645374119,Sudeste,Reentrega,Média,2.21,19.01,8,Dentro,5
TKT-00026,SHP-00350,2026-07-30 17:30:27.413268166,Nordeste,Avaria,Alta,3.0,0.5,4,Dentro,4
TKT-00027,SHP-00064,2026-06-09 07:17:47.192357395,Nordeste,Atraso,Alta,2.73,12.41,4,Dentro,4
TKT-00028,SHP-00096,2026-06-10 16:03:38.643772057,Sul,Reembolso,Alta,5.74,14.95,4,Fora,4
TKT-00029,SHP-00672,2026-06-13 12:22:13.603797993,Sudeste,Reentrega,Baixa,10.49,47.11,16,Dentro,4
TKT-00030,SHP-00203,2026-07-11 22:43:38.253709940,Centro-Oeste,Reentrega,Alta,2.24,10.67,4,Dentro,4
TKT-00031,SHP-00747,2026-06-25 20:35:56.280421975,Sul,Endereço,Média,9.33,20.02,8,Fora,1
TKT-00032,SHP-00571,2026-07-25 09:20:53.396238300,Nordeste,Avaria,Média,9.56,38.28,8,Fora,4
TKT-00033,SHP-00210,2026-06-26 12:38:29.858640276,Centro-Oeste,Onde está meu pedido?,Alta,0.2,7.76,4,Dentro,4
TKT-00034,SHP-00257,2026-06-04 19:57:30.304882428,Nordeste,Avaria,Alta,0.2,4.45,4,Dentro,4
TKT-00035,SHP-00268,2026-06-23 05:37:41.348224811,Centro-Oeste,Onde está meu pedido?,Alta,4.44,9.7,4,Fora,2
TKT-00036,SHP-00489,2026-06-13 12:10:15.606618546,Centro-Oeste,Onde está meu pedido?,Média,13.24,16.41,8,Fora,3
TKT-00037,SHP-00115,2026-06-19 12:58:17.969607291,Sul,Atraso,Média,7.81,37.9,8,Dentro,4
TKT-00038,SHP-00345,2026-07-23 12:22:01.570716549,Nordeste,Atraso,Baixa,5.3,12.78,16,Dentro,5
TKT-00039,SHP-00190,2026-07-30 23:11:19.509207023,Centro-Oeste,Avaria,Média,18.57,11.17,8,Fora,2
TKT-00040,SHP-00743,2026-06-22 09:12:12.746694736,Nordeste,Onde está meu pedido?,Baixa,5.95,20.93,16,Dentro,3
TKT-00041,SHP-00051,2026-06-21 05:03:28.905598439,Sudeste,Onde está meu pedido?,Média,0.92,33.41,8,Dentro,5
TKT-00042,SHP-00307,2026-06-20 12:37:45.058057203,Centro-Oeste,Reentrega,Média,3.74,37.4,8,Dentro,4
TKT-00043,SHP-00671,2026-07-26 15:35:09.578432163,Sudeste,Reembolso,Média,7.5,31.67,8,Dentro,4
TKT-00044,SHP-00859,2026-07-17 08:05:21.561188899,Sudeste,Reentrega,Alta,4.44,20.35,4,Fora,3
TKT-00045,SHP-00287,2026-07-12 16:08:00.930545175,Sul,Endereço,Baixa,9.78,19.48,16,Dentro,5
TKT-00046,SHP-00660,2026-06-11 18:06:15.874555920,Centro-Oeste,Atraso,Média,0.2,25.01,8,Dentro,4
TKT-00047,SHP-00045,2026-08-01 23:50:04.442847006,Sudeste,Endereço,Baixa,10.68,43.28,16,Dentro,5
TKT-00048,SHP-00198,2026-07-20 09:00:38.839052816,Sudeste,Avaria,Baixa,4.37,7.08,16,Dentro,4
TKT-00049,SHP-00829,2026-06-03 20:37:59.899920569,Centro-Oeste,Reentrega,Média,7.15,26.87,8,Dentro,3
TKT-00050,SHP-00693,2026-07-04 06:16:36.930743044,Sul,Avaria,Média,12.54,44.09,8,Fora,3
TKT-00051,SHP-00186,2026-07-14 14:03:59.196306003,Nordeste,Onde está meu pedido?,Média,6.98,21.28,8,Dentro,3
TKT-00052,SHP-00509,2026-06-19 10:25:35.786491765,Sudeste,Onde está meu pedido?,Média,3.62,30.0,8,Dentro,5
TKT-00053,SHP-00629,2026-07-28 16:45:00.569588788,Sudeste,Avaria,Média,10.4,47.85,8,Fora,3
TKT-00054,SHP-00652,2026-06-17 14:39:44.356137015,Sudeste,Reentrega,Baixa,4.99,51.06,16,Dentro,5
TKT-00055,SHP-00687,2026-07-15 13:37:38.512376181,Nordeste,Reembolso,Média,8.21,41.69,8,Fora,4
TKT-00056,SHP-00361,2026-06-27 12:31:37.190887103,Centro-Oeste,Endereço,Baixa,13.37,9.51,16,Dentro,5
TKT-00057,SHP-00707,2026-06-30 21:57:54.095359486,Sul,Onde está meu pedido?,Média,9.1,39.69,8,Fora,3
TKT-00058,SHP-00884,2026-07-23 09:19:01.446637119,Centro-Oeste,Atraso,Média,2.84,27.43,8,Dentro,4
TKT-00059,SHP-00370,2026-06-06 17:35:44.570593633,Centro-Oeste,Onde está meu pedido?,Alta,8.49,10.99,4,Fora,2
TKT-00060,SHP-00220,2026-06-14 13:58:14.916559730,Centro-Oeste,Endereço,Média,8.78,37.79,8,Fora,2
TKT-00061,SHP-00201,2026-07-06 11:30:33.803325791,Nordeste,Atraso,Alta,0.2,8.85,4,Dentro,5
TKT-00062,SHP-00121,2026-06-20 00:06:40.595010248,Nordeste,Atraso,Média,9.52,57.84,8,Fora,4
TKT-00063,SHP-00760,2026-06-11 14:22:04.921084159,Nordeste,Atraso,Alta,0.48,24.76,4,Dentro,3
TKT-00064,SHP-00803,2026-07-13 21:18:13.700851312,Nordeste,Reentrega,Baixa,11.51,30.26,16,Dentro,4
TKT-00065,SHP-00313,2026-06-25 21:41:48.897386080,Sudeste,Reembolso,Média,8.87,19.59,8,Fora,2
TKT-00066,SHP-00221,2026-07-19 14:31:12.650758070,Sul,Onde está meu pedido?,Média,10.26,20.17,8,Fora,5
TKT-00067,SHP-00458,2026-07-22 14:43:29.092488683,Sul,Endereço,Média,8.04,34.67,8,Fora,1
TKT-00068,SHP-00516,2026-06-24 01:12:50.228574909,Sul,Avaria,Média,13.61,35.11,8,Fora,3
TKT-00069,SHP-00877,2026-07-29 09:55:48.170255020,Centro-Oeste,Avaria,Alta,4.03,10.66,4,Fora,3
TKT-00070,SHP-00197,2026-06-16 20:19:34.772489122,Sudeste,Reembolso,Baixa,3.8,13.39,16,Dentro,4
TKT-00071,SHP-00350,2026-07-30 20:21:02.423105974,Nordeste,Endereço,Média,7.82,43.81,8,Dentro,3
TKT-00072,SHP-00544,2026-07-09 07:25:00.445676412,Centro-Oeste,Reembolso,Média,3.39,27.26,8,Dentro,1
TKT-00073,SHP-00017,2026-06-22 17:33:05.720518082,Sul,Endereço,Média,2.09,25.04,8,Dentro,3
TKT-00074,SHP-00324,2026-06-08 20:49:13.822472135,Centro-Oeste,Atraso,Média,4.6,18.69,8,Dentro,4
TKT-00075,SHP-00425,2026-07-06 23:01:35.750829726,Nordeste,Avaria,Média,9.16,16.87,8,Fora,3
TKT-00076,SHP-00741,2026-06-25 13:15:17.713940647,Sudeste,Reentrega,Baixa,10.7,8.7,16,Dentro,5
TKT-00077,SHP-00713,2026-06-29 10:28:09.357559905,Centro-Oeste,Endereço,Média,13.02,36.89,8,Fora,2
TKT-00078,SHP-00101,2026-06-28 01:07:16.008847521,Sul,Reentrega,Média,9.25,16.93,8,Fora,3
TKT-00079,SHP-00470,2026-06-08 06:36:29.805145873,Sul,Avaria,Média,10.83,32.54,8,Fora,3
TKT-00080,SHP-00688,2026-06-17 17:38:17.603616282,Sul,Endereço,Média,17.97,32.37,8,Fora,4
TKT-00081,SHP-00615,2026-07-30 19:34:25.965135390,Nordeste,Atraso,Média,10.57,32.79,8,Fora,3
TKT-00082,SHP-00049,2026-06-20 13:40:04.648955441,Sudeste,Endereço,Alta,7.08,6.25,4,Fora,2
TKT-00083,SHP-00456,2026-06-11 12:24:27.716369732,Centro-Oeste,Reembolso,Baixa,3.65,23.87,16,Dentro,4
TKT-00084,SHP-00457,2026-06-20 09:10:33.866995859,Nordeste,Reentrega,Baixa,7.26,24.19,16,Dentro,1
TKT-00085,SHP-00425,2026-07-06 10:30:26.988682038,Nordeste,Onde está meu pedido?,Baixa,5.62,35.44,16,Dentro,4
TKT-00086,SHP-00382,2026-06-21 23:50:01.609259376,Sudeste,Avaria,Média,8.83,14.61,8,Fora,2
TKT-00087,SHP-00384,2026-07-25 09:51:53.632213343,Centro-Oeste,Reembolso,Baixa,7.46,24.98,16,Dentro,4
TKT-00088,SHP-00268,2026-06-22 14:17:45.869181217,Centro-Oeste,Endereço,Alta,5.61,29.32,4,Fora,2
TKT-00089,SHP-00343,2026-07-31 17:20:53.637826303,Centro-Oeste,Reentrega,Média,11.65,22.8,8,Fora,2
TKT-00090,SHP-00076,2026-06-08 10:57:42.808240757,Nordeste,Atraso,Média,14.06,28.16,8,Fora,2
TKT-00091,SHP-00178,2026-07-19 20:30:19.169511408,Centro-Oeste,Reembolso,Alta,4.95,21.97,4,Fora,1
TKT-00092,SHP-00564,2026-06-07 07:01:14.719364304,Nordeste,Endereço,Média,8.15,55.66,8,Fora,3
TKT-00093,SHP-00776,2026-06-05 06:39:34.976606215,Centro-Oeste,Avaria,Baixa,9.24,30.35,16,Dentro,5
TKT-00094,SHP-00516,2026-06-24 00:36:55.439867423,Sul,Avaria,Alta,3.82,28.57,4,Dentro,4
TKT-00095,SHP-00391,2026-07-13 11:05:52.487219682,Sudeste,Reentrega,Alta,8.33,24.89,4,Fora,3
TKT-00096,SHP-00582,2026-06-29 10:50:37.456084515,Sudeste,Atraso,Média,7.29,45.18,8,Dentro,4
TKT-00097,SHP-00573,2026-07-11 04:36:38.407565002,Nordeste,Reembolso,Média,10.19,20.58,8,Fora,4
TKT-00098,SHP-00782,2026-07-10 20:46:56.279792710,Nordeste,Reembolso,Média,9.02,27.86,8,Fora,2
TKT-00099,SHP-00048,2026-06-06 08:00:30.088953938,Sul,Reentrega,Média,9.77,29.27,8,Fora,3
TKT-00100,SHP-00077,2026-06-22 12:54:24.923071820,Sudeste,Onde está meu pedido?,Alta,5.27,10.09,4,Fora,3
TKT-00101,SHP-00367,2026-07-05 23:16:07.939829719,Centro-Oeste,Avaria,Baixa,12.02,26.35,16,Dentro,2
TKT-00102,SHP-00857,2026-06-10 14:30:23.207316800,Sul,Atraso,Média,6.55,43.58,8,Dentro,3
TKT-00103,SHP-00391,2026-07-13 08:41:41.320519740,Sudeste,Reentrega,Média,12.69,32.08,8,Fora,3
TKT-00104,SHP-00059,2026-07-25 03:33:28.251861169,Centro-Oeste,Atraso,Média,9.75,40.67,8,Fora,3
TKT-00105,SHP-00698,2026-06-06 00:50:47.709033619,Sul,Reentrega,Alta,1.96,3.25,4,Dentro,5
TKT-00106,SHP-00696,2026-07-09 16:21:11.522181531,Sudeste,Endereço,Alta,0.2,10.23,4,Dentro,3
TKT-00107,SHP-00480,2026-08-01 16:27:39.163524457,Centro-Oeste,Endereço,Baixa,1.85,36.28,16,Dentro,4
TKT-00108,SHP-00828,2026-06-02 17:04:12.638322202,Sudeste,Reentrega,Baixa,3.48,19.06,16,Dentro,4
TKT-00109,SHP-00467,2026-07-23 19:11:09.520994769,Nordeste,Reembolso,Baixa,7.36,25.47,16,Dentro,5
TKT-00110,SHP-00749,2026-07-25 17:09:33.633580552,Nordeste,Avaria,Alta,8.72,13.35,4,Fora,4
TKT-00111,SHP-00361,2026-06-27 11:16:28.176214316,Centro-Oeste,Reembolso,Média,6.48,40.89,8,Dentro,4
TKT-00112,SHP-00079,2026-07-24 12:20:50.310790302,Sudeste,Atraso,Média,7.17,12.12,8,Dentro,5
TKT-00113,SHP-00616,2026-06-22 05:31:03.950117960,Centro-Oeste,Atraso,Alta,2.78,8.9,4,Dentro,5
TKT-00114,SHP-00728,2026-06-16 17:28:00.718635082,Sul,Atraso,Média,4.33,6.23,8,Dentro,3
TKT-00115,SHP-00426,2026-07-29 01:59:16.221467193,Nordeste,Avaria,Alta,0.2,16.81,4,Dentro,5
TKT-00116,SHP-00713,2026-06-30 08:46:41.418442391,Centro-Oeste,Reentrega,Baixa,0.2,19.58,16,Dentro,3
TKT-00117,SHP-00692,2026-07-31 14:01:09.478041527,Centro-Oeste,Onde está meu pedido?,Baixa,7.67,28.4,16,Dentro,5
TKT-00118,SHP-00341,2026-07-27 06:40:04.448043974,Centro-Oeste,Reembolso,Média,2.02,22.07,8,Dentro,3
TKT-00119,SHP-00397,2026-07-02 20:41:30.089799992,Sul,Reembolso,Média,11.15,12.35,8,Fora,5
TKT-00120,SHP-00058,2026-06-26 00:45:30.255487735,Sudeste,Atraso,Média,5.7,21.24,8,Dentro,4
TKT-00121,SHP-00571,2026-07-25 19:08:48.403011542,Nordeste,Reentrega,Baixa,11.14,27.43,16,Dentro,4
TKT-00122,SHP-00279,2026-08-01 05:17:04.306444823,Centro-Oeste,Atraso,Alta,5.34,22.92,4,Fora,2
TKT-00123,SHP-00290,2026-07-13 17:23:45.707740207,Centro-Oeste,Atraso,Alta,2.42,0.5,4,Dentro,5
TKT-00124,SHP-00400,2026-06-11 02:44:55.807992926,Sul,Onde está meu pedido?,Baixa,11.62,33.92,16,Dentro,5
TKT-00125,SHP-00684,2026-07-12 17:48:56.243542974,Sul,Atraso,Média,6.97,8.58,8,Dentro,2
TKT-00126,SHP-00701,2026-07-02 21:18:56.694728665,Centro-Oeste,Endereço,Média,9.89,21.74,8,Fora,2
TKT-00127,SHP-00093,2026-07-08 05:46:21.724738415,Sudeste,Atraso,Alta,0.44,19.48,4,Dentro,5
TKT-00128,SHP-00517,2026-07-21 12:58:18.445002130,Centro-Oeste,Avaria,Média,11.58,21.28,8,Fora,2
TKT-00129,SHP-00748,2026-07-16 06:52:08.773364068,Centro-Oeste,Reembolso,Alta,0.2,12.01,4,Dentro,3
TKT-00130,SHP-00786,2026-06-25 02:38:00.837258111,Centro-Oeste,Endereço,Alta,0.33,27.95,4,Dentro,4
TKT-00131,SHP-00101,2026-06-28 13:20:33.612379560,Sul,Reembolso,Média,7.42,19.39,8,Dentro,4
TKT-00132,SHP-00367,2026-07-06 08:32:10.594964832,Centro-Oeste,Reembolso,Média,11.2,33.25,8,Fora,4
TKT-00133,SHP-00496,2026-07-24 06:56:24.855450935,Centro-Oeste,Reembolso,Média,11.66,36.05,8,Fora,4
TKT-00134,SHP-00159,2026-07-09 21:25:18.039764524,Sul,Avaria,Média,7.1,26.64,8,Dentro,5
TKT-00135,SHP-00508,2026-07-24 20:40:44.779580009,Sudeste,Endereço,Média,5.65,25.75,8,Dentro,3
TKT-00136,SHP-00899,2026-07-06 22:27:47.957146451,Sudeste,Endereço,Média,8.61,33.95,8,Fora,2
TKT-00137,SHP-00032,2026-07-27 17:40:14.108250830,Nordeste,Reentrega,Alta,3.96,32.63,4,Dentro,5
TKT-00138,SHP-00352,2026-07-02 10:39:48.702967577,Centro-Oeste,Endereço,Média,2.87,27.59,8,Dentro,3
TKT-00139,SHP-00737,2026-07-21 04:11:41.448983686,Sul,Avaria,Média,15.95,6.16,8,Fora,3
TKT-00140,SHP-00144,2026-08-02 03:28:28.338507794,Sul,Endereço,Média,10.17,39.42,8,Fora,4
TKT-00141,SHP-00420,2026-06-09 13:26:48.846834588,Sudeste,Reentrega,Média,5.32,36.43,8,Dentro,3
TKT-00142,SHP-00618,2026-06-06 00:58:44.281492335,Nordeste,Endereço,Alta,3.78,21.87,4,Dentro,4
TKT-00143,SHP-00387,2026-06-13 03:08:54.323243783,Sul,Reentrega,Alta,4.98,4.14,4,Fora,3
TKT-00144,SHP-00528,2026-07-06 07:51:33.974730153,Nordeste,Atraso,Média,7.9,16.99,8,Dentro,5
TKT-00145,SHP-00437,2026-07-15 09:42:22.023053249,Sul,Onde está meu pedido?,Média,8.04,48.58,8,Fora,3
TKT-00146,SHP-00124,2026-06-10 23:33:13.767479012,Sul,Reentrega,Baixa,8.48,13.16,16,Dentro,3
TKT-00147,SHP-00872,2026-07-20 04:33:47.665638422,Nordeste,Avaria,Média,11.62,39.49,8,Fora,2
TKT-00148,SHP-00782,2026-07-11 01:12:07.313531164,Nordeste,Endereço,Baixa,2.2,37.09,16,Dentro,4
TKT-00149,SHP-00527,2026-06-15 18:19:58.466556400,Sul,Avaria,Média,11.18,22.81,8,Fora,3
TKT-00150,SHP-00527,2026-06-16 02:51:46.116914274,Sul,Onde está meu pedido?,Média,4.63,40.59,8,Dentro,4
TKT-00151,SHP-00655,2026-06-26 02:23:43.906549633,Centro-Oeste,Endereço,Média,2.82,38.72,8,Dentro,4
TKT-00152,SHP-00388,2026-06-18 12:40:07.446841199,Sul,Reentrega,Média,1.57,24.08,8,Dentro,4
TKT-00153,SHP-00391,2026-07-12 23:54:41.337320433,Sudeste,Onde está meu pedido?,Baixa,9.82,40.04,16,Dentro,5
TKT-00154,SHP-00071,2026-06-22 02:36:39.373893294,Sul,Avaria,Média,4.13,16.74,8,Dentro,3
TKT-00155,SHP-00572,2026-06-21 18:57:34.188405875,Sudeste,Avaria,Alta,8.65,25.49,4,Fora,3
TKT-00156,SHP-00050,2026-07-03 08:33:32.837740495,Sul,Atraso,Média,9.27,37.82,8,Fora,3
TKT-00157,SHP-00653,2026-06-18 19:11:42.472877587,Sudeste,Onde está meu pedido?,Média,7.11,41.24,8,Dentro,3
TKT-00158,SHP-00444,2026-06-28 17:05:59.642340874,Sul,Reembolso,Média,6.49,7.45,8,Dentro,5
TKT-00159,SHP-00241,2026-07-22 14:54:45.076345292,Nordeste,Reentrega,Baixa,2.52,18.0,16,Dentro,3
TKT-00160,SHP-00133,2026-07-23 05:34:59.452195593,Nordeste,Reembolso,Média,11.84,42.15,8,Fora,4
TKT-00161,SHP-00447,2026-06-03 23:28:47.459657999,Sudeste,Reentrega,Alta,0.2,31.7,4,Dentro,4
TKT-00162,SHP-00207,2026-06-16 20:59:57.208404927,Nordeste,Onde está meu pedido?,Alta,3.57,8.35,4,Dentro,5
TKT-00163,SHP-00218,2026-07-09 22:10:49.830446081,Sul,Atraso,Média,8.49,46.3,8,Fora,3
TKT-00164,SHP-00686,2026-06-09 14:40:18.095387178,Sul,Avaria,Baixa,8.78,21.87,16,Dentro,2
TKT-00165,SHP-00430,2026-07-05 11:25:38.262851793,Nordeste,Reentrega,Baixa,6.0,26.6,16,Dentro,5
TKT-00166,SHP-00837,2026-07-21 15:21:39.323756145,Centro-Oeste,Onde está meu pedido?,Média,9.51,33.93,8,Fora,4
TKT-00167,SHP-00868,2026-07-20 21:38:54.175213914,Sul,Reentrega,Média,5.15,30.3,8,Dentro,5
TKT-00168,SHP-00588,2026-06-11 21:23:15.263438151,Sul,Endereço,Média,4.76,23.9,8,Dentro,3
TKT-00169,SHP-00828,2026-06-03 02:23:58.273576297,Sudeste,Onde está meu pedido?,Média,7.9,35.71,8,Dentro,3
TKT-00170,SHP-00455,2026-07-01 10:02:42.577129364,Centro-Oeste,Onde está meu pedido?,Baixa,5.98,55.82,16,Dentro,4
TKT-00171,SHP-00827,2026-07-07 13:29:37.474683136,Sul,Atraso,Alta,0.2,11.99,4,Dentro,5
TKT-00172,SHP-00864,2026-06-11 12:12:09.292142404,Centro-Oeste,Reentrega,Alta,6.37,37.72,4,Fora,4
TKT-00173,SHP-00845,2026-07-25 19:44:39.046290030,Sul,Endereço,Média,10.5,53.92,8,Fora,2
TKT-00174,SHP-00500,2026-06-03 20:06:58.950525240,Centro-Oeste,Atraso,Alta,8.02,11.02,4,Fora,4
TKT-00175,SHP-00621,2026-06-13 06:28:09.810337325,Sudeste,Avaria,Baixa,8.22,23.2,16,Dentro,4
TKT-00176,SHP-00365,2026-07-21 13:35:36.470610325,Nordeste,Avaria,Alta,5.6,23.96,4,Fora,4
TKT-00177,SHP-00252,2026-07-19 00:06:29.094001698,Sul,Reentrega,Baixa,9.16,17.45,16,Dentro,4
TKT-00178,SHP-00245,2026-06-07 00:49:53.214623607,Sul,Avaria,Baixa,3.01,15.31,16,Dentro,4
TKT-00179,SHP-00899,2026-07-06 23:27:43.393953568,Sudeste,Endereço,Alta,12.78,41.36,4,Fora,2
TKT-00180,SHP-00163,2026-07-16 13:01:58.678320958,Nordeste,Onde está meu pedido?,Alta,0.2,15.07,4,Dentro,5
TKT-00181,SHP-00819,2026-06-06 00:48:42.295906808,Sudeste,Avaria,Baixa,7.64,15.78,16,Dentro,5
TKT-00182,SHP-00108,2026-07-28 05:34:24.961882354,Centro-Oeste,Endereço,Média,0.2,29.18,8,Dentro,4
TKT-00183,SHP-00768,2026-06-29 19:24:07.652893806,Centro-Oeste,Reentrega,Média,11.86,17.59,8,Fora,3
TKT-00184,SHP-00364,2026-07-28 01:09:44.395368672,Sul,Reembolso,Média,2.18,37.2,8,Dentro,4
TKT-00185,SHP-00691,2026-07-07 00:50:48.644196621,Centro-Oeste,Onde está meu pedido?,Média,8.89,38.35,8,Fora,3
TKT-00186,SHP-00844,2026-07-15 08:42:58.971664261,Nordeste,Atraso,Média,11.23,23.62,8,Fora,3
TKT-00187,SHP-00820,2026-06-16 02:09:06.644010309,Sudeste,Atraso,Média,9.5,48.6,8,Fora,1
TKT-00188,SHP-00296,2026-07-29 11:16:32.418450735,Sul,Endereço,Média,14.86,25.73,8,Fora,2
TKT-00189,SHP-00404,2026-07-02 13:55:38.882330214,Sul,Avaria,Baixa,7.76,54.21,16,Dentro,2
TKT-00190,SHP-00377,2026-07-18 03:27:42.507216429,Sudeste,Avaria,Média,12.01,30.35,8,Fora,3
TKT-00191,SHP-00074,2026-07-08 21:19:27.439514285,Sul,Onde está meu pedido?,Média,2.44,26.64,8,Dentro,4
TKT-00192,SHP-00311,2026-06-23 06:08:19.598807406,Centro-Oeste,Avaria,Média,5.27,28.13,8,Dentro,3
TKT-00193,SHP-00106,2026-06-23 20:59:20.344985347,Sul,Reentrega,Média,3.26,43.74,8,Dentro,5
TKT-00194,SHP-00469,2026-06-15 18:38:37.491815960,Sul,Endereço,Média,10.32,36.77,8,Fora,2
TKT-00195,SHP-00638,2026-07-16 18:48:38.976124223,Nordeste,Avaria,Alta,1.15,11.79,4,Dentro,3
TKT-00196,SHP-00531,2026-07-17 17:35:07.739206364,Nordeste,Atraso,Baixa,6.57,23.4,16,Dentro,4
TKT-00197,SHP-00047,2026-07-16 13:15:57.849043463,Centro-Oeste,Reentrega,Baixa,6.56,49.32,16,Dentro,3
TKT-00198,SHP-00601,2026-07-01 01:48:10.471398450,Centro-Oeste,Reembolso,Alta,4.73,20.64,4,Fora,5
TKT-00199,SHP-00386,2026-08-01 03:12:05.691157023,Sudeste,Atraso,Média,6.46,13.1,8,Dentro,4
TKT-00200,SHP-00587,2026-08-02 16:37:06.210267239,Centro-Oeste,Onde está meu pedido?,Média,8.91,32.67,8,Fora,4
TKT-00201,SHP-00496,2026-07-24 03:30:10.807173036,Centro-Oeste,Onde está meu pedido?,Baixa,3.06,39.37,16,Dentro,1
TKT-00202,SHP-00201,2026-07-06 11:21:47.198298782,Nordeste,Atraso,Alta,0.2,15.2,4,Dentro,4
TKT-00203,SHP-00878,2026-07-05 07:29:48.542079770,Sul,Onde está meu pedido?,Alta,9.82,23.61,4,Fora,5
TKT-00204,SHP-00154,2026-07-07 04:24:32.447368914,Centro-Oeste,Avaria,Média,3.83,26.53,8,Dentro,3
TKT-00205,SHP-00615,2026-07-30 12:20:37.702412567,Nordeste,Avaria,Baixa,13.06,25.05,16,Dentro,5
TKT-00206,SHP-00132,2026-07-08 17:44:26.593921761,Centro-Oeste,Atraso,Média,11.88,22.22,8,Fora,2
TKT-00207,SHP-00789,2026-06-06 18:00:00.767593949,Sul,Reembolso,Média,11.05,19.6,8,Fora,2
TKT-00208,SHP-00839,2026-06-05 09:27:58.606260412,Centro-Oeste,Avaria,Média,7.79,27.85,8,Dentro,3
TKT-00209,SHP-00710,2026-07-02 19:55:52.648848402,Centro-Oeste,Avaria,Média,9.77,44.64,8,Fora,4
TKT-00210,SHP-00458,2026-07-22 08:27:17.306626321,Sul,Reentrega,Média,11.36,39.53,8,Fora,2
TKT-00211,SHP-00016,2026-07-20 03:33:40.054413390,Centro-Oeste,Avaria,Alta,6.03,22.43,4,Fora,3
TKT-00212,SHP-00452,2026-06-13 00:12:42.998033589,Sudeste,Atraso,Média,10.44,19.83,8,Fora,2
TKT-00213,SHP-00583,2026-07-31 18:21:03.008416147,Nordeste,Reentrega,Baixa,5.46,36.39,16,Dentro,5
TKT-00214,SHP-00662,2026-06-30 08:54:02.596200430,Nordeste,Onde está meu pedido?,Média,8.89,11.61,8,Fora,3
TKT-00215,SHP-00458,2026-07-22 21:34:19.741389131,Sul,Reembolso,Alta,3.8,29.0,4,Dentro,4
TKT-00216,SHP-00282,2026-07-21 01:02:27.024146324,Nordeste,Avaria,Baixa,13.88,30.59,16,Dentro,4
TKT-00217,SHP-00472,2026-07-10 00:32:30.247949927,Nordeste,Onde está meu pedido?,Média,6.76,12.27,8,Dentro,4
TKT-00218,SHP-00087,2026-07-16 00:55:47.719683644,Centro-Oeste,Atraso,Média,3.47,21.45,8,Dentro,2
TKT-00219,SHP-00056,2026-07-31 19:12:08.218698493,Nordeste,Reentrega,Baixa,13.5,51.57,16,Dentro,4
TKT-00220,SHP-00395,2026-07-10 02:53:07.324578381,Sul,Endereço,Média,7.61,38.08,8,Dentro,3
TKT-00221,SHP-00451,2026-06-27 01:46:32.990775450,Centro-Oeste,Endereço,Alta,0.2,41.9,4,Dentro,5
TKT-00222,SHP-00226,2026-07-30 11:47:58.719914046,Nordeste,Reembolso,Média,10.07,52.88,8,Fora,4
TKT-00223,SHP-00427,2026-07-19 00:27:59.331849871,Sul,Reembolso,Baixa,14.07,56.47,16,Dentro,4
TKT-00224,SHP-00505,2026-06-30 17:16:47.968730256,Centro-Oeste,Reentrega,Média,8.58,38.73,8,Fora,3
TKT-00225,SHP-00506,2026-07-01 09:40:28.396607275,Sudeste,Onde está meu pedido?,Baixa,4.13,34.08,16,Dentro,4
TKT-00226,SHP-00863,2026-06-08 09:02:16.681787733,Nordeste,Atraso,Baixa,13.72,27.86,16,Dentro,4
TKT-00227,SHP-00367,2026-07-05 10:51:01.411397393,Centro-Oeste,Reembolso,Baixa,11.95,30.35,16,Dentro,4
TKT-00228,SHP-00777,2026-07-15 09:29:08.183653873,Sudeste,Atraso,Alta,9.2,11.04,4,Fora,2
TKT-00229,SHP-00752,2026-07-15 10:24:01.544729525,Nordeste,Reentrega,Baixa,10.63,63.99,16,Dentro,4
TKT-00230,SHP-00657,2026-07-11 18:42:04.604212493,Nordeste,Endereço,Média,7.02,30.03,8,Dentro,5
TKT-00231,SHP-00864,2026-06-12 00:00:37.931940400,Centro-Oeste,Endereço,Alta,1.33,16.07,4,Dentro,5
TKT-00232,SHP-00010,2026-07-20 10:13:10.487399689,Centro-Oeste,Reentrega,Média,1.89,22.69,8,Dentro,5
TKT-00233,SHP-00095,2026-07-12 01:56:43.650447720,Sudeste,Endereço,Média,8.02,39.92,8,Fora,2
TKT-00234,SHP-00317,2026-06-24 08:10:38.822583181,Nordeste,Onde está meu pedido?,Média,19.62,33.95,8,Fora,3
TKT-00235,SHP-00623,2026-07-07 12:57:22.323257054,Centro-Oeste,Endereço,Alta,11.91,31.87,4,Fora,3
TKT-00236,SHP-00372,2026-07-29 00:28:30.315973539,Sudeste,Endereço,Baixa,8.73,0.5,16,Dentro,5
TKT-00237,SHP-00457,2026-06-19 14:41:49.302112358,Nordeste,Atraso,Média,9.36,39.71,8,Fora,3
TKT-00238,SHP-00627,2026-07-15 10:12:25.221223994,Sudeste,Onde está meu pedido?,Média,4.91,20.54,8,Dentro,4
TKT-00239,SHP-00049,2026-06-20 13:46:49.157559903,Sudeste,Reentrega,Baixa,7.24,9.54,16,Dentro,5
TKT-00240,SHP-00467,2026-07-24 02:02:47.314816548,Nordeste,Endereço,Baixa,14.86,49.66,16,Dentro,4
TKT-00241,SHP-00795,2026-08-02 11:13:02.947523986,Sul,Avaria,Média,9.84,40.69,8,Fora,4
TKT-00242,SHP-00569,2026-07-16 08:02:31.094129935,Nordeste,Reentrega,Baixa,11.02,29.58,16,Dentro,4
TKT-00243,SHP-00057,2026-07-20 14:53:57.885697591,Sul,Atraso,Alta,5.58,0.5,4,Fora,2
TKT-00244,SHP-00584,2026-06-30 04:02:26.932813637,Centro-Oeste,Atraso,Média,6.27,20.6,8,Dentro,4
TKT-00245,SHP-00127,2026-07-19 01:54:17.291259043,Nordeste,Reembolso,Baixa,9.37,20.09,16,Dentro,3
TKT-00246,SHP-00633,2026-06-19 21:11:32.982258993,Nordeste,Avaria,Alta,2.11,39.64,4,Dentro,5
TKT-00247,SHP-00134,2026-06-25 21:08:39.608037224,Sudeste,Reentrega,Alta,2.03,15.96,4,Dentro,3
TKT-00248,SHP-00553,2026-06-22 01:30:39.574480087,Nordeste,Onde está meu pedido?,Média,1.98,31.34,8,Dentro,2
TKT-00249,SHP-00140,2026-07-09 09:59:15.614709445,Centro-Oeste,Endereço,Alta,1.47,23.16,4,Dentro,4
TKT-00250,SHP-00692,2026-07-31 02:32:02.884492637,Centro-Oeste,Endereço,Alta,1.8,46.75,4,Dentro,5
TKT-00251,SHP-00586,2026-07-25 12:48:43.904799018,Nordeste,Atraso,Baixa,12.16,10.08,16,Dentro,3
TKT-00252,SHP-00067,2026-06-11 22:20:42.623873837,Sudeste,Atraso,Baixa,6.27,44.2,16,Dentro,4
TKT-00253,SHP-00464,2026-08-02 20:22:58.172861658,Centro-Oeste,Atraso,Média,4.51,30.7,8,Dentro,4
TKT-00254,SHP-00290,2026-07-13 00:36:56.239226123,Centro-Oeste,Avaria,Média,4.01,34.29,8,Dentro,4
TKT-00255,SHP-00710,2026-07-03 05:02:56.722060926,Centro-Oeste,Reembolso,Média,5.25,19.96,8,Dentro,4
TKT-00256,SHP-00331,2026-06-06 16:16:40.857756080,Sudeste,Onde está meu pedido?,Média,6.53,45.64,8,Dentro,4
TKT-00257,SHP-00809,2026-06-28 18:57:13.889252383,Centro-Oeste,Reembolso,Média,5.89,31.26,8,Dentro,5
TKT-00258,SHP-00787,2026-07-31 11:10:10.009793490,Nordeste,Atraso,Média,3.46,15.0,8,Dentro,2
TKT-00259,SHP-00360,2026-07-23 13:35:09.498020470,Nordeste,Reembolso,Baixa,10.56,42.67,16,Dentro,5
TKT-00260,SHP-00138,2026-07-26 13:58:39.051947193,Sudeste,Avaria,Alta,0.2,0.5,4,Dentro,3
TKT-00261,SHP-00112,2026-06-29 17:53:41.170069112,Sul,Avaria,Média,6.2,45.92,8,Dentro,5
TKT-00262,SHP-00210,2026-06-26 01:05:09.296236437,Centro-Oeste,Avaria,Baixa,9.32,27.33,16,Dentro,4
TKT-00263,SHP-00626,2026-06-11 19:27:11.250585617,Nordeste,Reembolso,Baixa,0.2,26.07,16,Dentro,4
TKT-00264,SHP-00467,2026-07-23 22:14:28.062995460,Nordeste,Atraso,Média,0.21,31.88,8,Dentro,4
TKT-00265,SHP-00439,2026-06-03 10:56:27.211419833,Sudeste,Reentrega,Alta,5.6,12.01,4,Fora,2
TKT-00266,SHP-00526,2026-06-21 02:20:05.712971843,Centro-Oeste,Avaria,Média,4.27,24.95,8,Dentro,5
TKT-00267,SHP-00208,2026-07-01 14:22:35.402357278,Centro-Oeste,Endereço,Média,9.08,6.85,8,Fora,4
TKT-00268,SHP-00809,2026-06-29 02:27:19.331144238,Centro-Oeste,Endereço,Baixa,8.56,32.93,16,Dentro,5
TKT-00269,SHP-00520,2026-06-06 05:48:15.330301040,Sudeste,Endereço,Baixa,0.68,9.02,16,Dentro,3
TKT-00270,SHP-00449,2026-07-10 05:11:22.685634935,Centro-Oeste,Avaria,Alta,7.09,9.19,4,Fora,4
TKT-00271,SHP-00386,2026-08-01 01:19:58.824483500,Sudeste,Avaria,Média,10.68,34.3,8,Fora,3
TKT-00272,SHP-00249,2026-07-03 22:40:33.902842873,Sul,Reentrega,Baixa,3.59,27.72,16,Dentro,4
TKT-00273,SHP-00634,2026-06-22 09:13:54.649055538,Centro-Oeste,Atraso,Baixa,0.98,54.72,16,Dentro,3
TKT-00274,SHP-00764,2026-07-26 13:22:02.148934527,Sudeste,Reembolso,Média,8.4,26.83,8,Fora,4
TKT-00275,SHP-00411,2026-06-02 23:50:24.117692110,Sudeste,Reembolso,Média,12.91,35.16,8,Fora,4
TKT-00276,SHP-00291,2026-06-30 02:15:25.311729691,Sul,Onde está meu pedido?,Alta,1.26,3.66,4,Dentro,4
TKT-00277,SHP-00598,2026-07-24 13:11:09.798335802,Centro-Oeste,Reentrega,Média,8.21,12.61,8,Fora,2
TKT-00278,SHP-00780,2026-07-15 11:01:15.324766966,Nordeste,Reembolso,Alta,13.0,0.5,4,Fora,5
TKT-00279,SHP-00381,2026-07-20 18:34:17.333719238,Sul,Reentrega,Alta,6.31,13.61,4,Fora,3
TKT-00280,SHP-00343,2026-07-31 00:03:41.186689648,Centro-Oeste,Reentrega,Média,1.07,41.57,8,Dentro,2
TKT-00281,SHP-00237,2026-07-07 19:26:06.352499145,Sul,Reembolso,Baixa,12.29,27.29,16,Dentro,4
TKT-00282,SHP-00083,2026-07-24 17:39:40.504405157,Sul,Onde está meu pedido?,Baixa,7.9,34.82,16,Dentro,4
TKT-00283,SHP-00772,2026-07-01 02:44:27.261780050,Sudeste,Reentrega,Média,6.65,26.27,8,Dentro,5
TKT-00284,SHP-00709,2026-06-21 17:13:44.465403859,Sudeste,Avaria,Média,10.12,39.21,8,Fora,1
TKT-00285,SHP-00189,2026-07-04 15:20:12.144099800,Sul,Atraso,Média,9.6,15.99,8,Fora,3
TKT-00286,SHP-00206,2026-07-15 12:02:09.609557469,Sudeste,Atraso,Média,7.19,23.49,8,Dentro,2
TKT-00287,SHP-00821,2026-07-09 22:36:40.524754235,Sul,Onde está meu pedido?,Média,11.83,25.32,8,Fora,4
TKT-00288,SHP-00532,2026-07-26 20:00:58.205258026,Sul,Endereço,Média,13.49,18.86,8,Fora,4
TKT-00289,SHP-00380,2026-07-07 02:23:12.770576074,Centro-Oeste,Reentrega,Média,3.73,45.21,8,Dentro,4
TKT-00290,SHP-00302,2026-06-29 06:00:50.523853044,Sudeste,Onde está meu pedido?,Baixa,1.96,22.09,16,Dentro,3
TKT-00291,SHP-00272,2026-07-10 03:20:09.530487012,Centro-Oeste,Atraso,Média,5.54,17.91,8,Dentro,5
TKT-00292,SHP-00411,2026-06-02 18:38:23.737401993,Sudeste,Avaria,Média,8.2,25.76,8,Fora,2
TKT-00293,SHP-00005,2026-06-23 09:44:40.002431839,Sul,Reentrega,Média,11.73,31.09,8,Fora,3
TKT-00294,SHP-00364,2026-07-27 22:11:59.144359397,Sul,Reentrega,Alta,0.2,31.0,4,Dentro,3
TKT-00295,SHP-00180,2026-07-16 23:54:38.753805299,Sul,Atraso,Média,9.72,19.0,8,Fora,3
TKT-00296,SHP-00180,2026-07-16 18:44:11.221646569,Sul,Avaria,Média,3.98,39.07,8,Dentro,1
TKT-00297,SHP-00738,2026-07-21 07:04:38.972636156,Sul,Onde está meu pedido?,Média,5.85,44.95,8,Dentro,5
TKT-00298,SHP-00107,2026-07-27 12:38:24.334911755,Centro-Oeste,Onde está meu pedido?,Média,10.65,40.32,8,Fora,2
TKT-00299,SHP-00553,2026-06-22 17:52:26.922993660,Nordeste,Reembolso,Baixa,2.48,41.47,16,Dentro,1
TKT-00300,SHP-00279,2026-08-01 03:08:56.896129558,Centro-Oeste,Endereço,Média,15.81,18.78,8,Fora,4
TKT-00301,SHP-00534,2026-07-19 16:37:09.735407954,Centro-Oeste,Avaria,Baixa,5.0,48.38,16,Dentro,3
TKT-00302,SHP-00631,2026-07-31 14:50:08.992414376,Sudeste,Atraso,Alta,3.57,0.5,4,Dentro,5
TKT-00303,SHP-00753,2026-07-10 16:07:12.844420692,Nordeste,Onde está meu pedido?,Alta,0.2,0.5,4,Dentro,4
TKT-00304,SHP-00522,2026-06-29 10:40:07.193626013,Centro-Oeste,Reentrega,Alta,2.43,15.82,4,Dentro,5
TKT-00305,SHP-00261,2026-07-21 09:44:48.046930572,Sudeste,Reembolso,Média,7.99,65.96,8,Dentro,3
TKT-00306,SHP-00560,2026-06-28 10:19:00.123608070,Sudeste,Atraso,Média,9.29,12.12,8,Fora,4
TKT-00307,SHP-00270,2026-06-12 00:33:28.124088791,Sudeste,Onde está meu pedido?,Média,10.92,34.86,8,Fora,4
TKT-00308,SHP-00842,2026-06-15 20:20:45.439981445,Sul,Reembolso,Média,7.25,28.48,8,Dentro,4
TKT-00309,SHP-00340,2026-06-24 09:36:41.725707468,Sudeste,Reentrega,Média,7.11,19.34,8,Dentro,5
TKT-00310,SHP-00002,2026-07-14 14:43:17.621195679,Nordeste,Reentrega,Média,5.12,39.48,8,Dentro,4
TKT-00311,SHP-00521,2026-08-02 07:44:14.317990056,Sudeste,Onde está meu pedido?,Média,7.1,30.76,8,Dentro,5
TKT-00312,SHP-00696,2026-07-09 07:13:21.880164365,Sudeste,Onde está meu pedido?,Média,7.46,24.65,8,Dentro,4
TKT-00313,SHP-00603,2026-07-14 17:57:32.589369567,Sudeste,Avaria,Média,12.53,34.9,8,Fora,3
TKT-00314,SHP-00688,2026-06-18 05:09:53.719806206,Sul,Reembolso,Média,12.83,37.54,8,Fora,3
TKT-00315,SHP-00550,2026-07-24 12:11:44.223267854,Sul,Reentrega,Baixa,4.18,49.34,16,Dentro,4
TKT-00316,SHP-00840,2026-07-08 23:41:39.680102465,Sudeste,Reentrega,Média,9.73,34.28,8,Fora,2
TKT-00317,SHP-00043,2026-07-18 19:42:54.865321599,Nordeste,Onde está meu pedido?,Alta,9.33,15.32,4,Fora,3
TKT-00318,SHP-00626,2026-06-11 13:02:33.222303993,Nordeste,Reentrega,Média,12.09,24.14,8,Fora,4
TKT-00319,SHP-00190,2026-07-31 11:36:12.760531947,Centro-Oeste,Reentrega,Média,6.54,14.66,8,Dentro,4
TKT-00320,SHP-00831,2026-07-02 11:14:47.433648269,Nordeste,Endereço,Baixa,8.35,39.86,16,Dentro,3
TKT-00321,SHP-00482,2026-07-07 04:13:28.533967891,Nordeste,Avaria,Média,6.36,32.65,8,Dentro,4
TKT-00322,SHP-00053,2026-07-17 11:44:17.136862052,Sul,Avaria,Baixa,3.84,35.7,16,Dentro,5
TKT-00323,SHP-00288,2026-06-12 06:50:40.414665143,Centro-Oeste,Reentrega,Média,0.55,19.7,8,Dentro,5
TKT-00324,SHP-00896,2026-06-24 13:26:07.216997183,Sudeste,Reembolso,Alta,8.28,31.48,4,Fora,4
TKT-00325,SHP-00706,2026-07-12 02:31:29.705559365,Centro-Oeste,Avaria,Baixa,2.66,13.44,16,Dentro,4
TKT-00326,SHP-00004,2026-07-31 12:09:56.075513882,Sul,Reembolso,Média,3.0,21.28,8,Dentro,4
TKT-00327,SHP-00559,2026-06-10 04:32:42.833089054,Sul,Reentrega,Alta,5.81,26.59,4,Fora,5
TKT-00328,SHP-00359,2026-06-20 08:40:34.744748449,Centro-Oeste,Onde está meu pedido?,Baixa,9.21,31.37,16,Dentro,3
TKT-00329,SHP-00139,2026-07-03 22:11:50.198479260,Nordeste,Reembolso,Baixa,1.27,31.06,16,Dentro,4
TKT-00330,SHP-00857,2026-06-09 23:41:02.966584206,Sul,Avaria,Média,3.32,26.09,8,Dentro,1
TKT-00331,SHP-00644,2026-06-05 08:26:46.015354975,Sudeste,Atraso,Alta,2.07,0.5,4,Dentro,5
TKT-00332,SHP-00767,2026-07-17 01:04:31.394441968,Sudeste,Endereço,Média,0.2,39.3,8,Dentro,5
TKT-00333,SHP-00601,2026-07-01 08:34:12.481517026,Centro-Oeste,Reentrega,Média,0.2,16.31,8,Dentro,3
TKT-00334,SHP-00677,2026-07-17 00:11:23.825102147,Centro-Oeste,Onde está meu pedido?,Média,6.08,13.8,8,Dentro,4
TKT-00335,SHP-00751,2026-06-25 12:17:21.922106278,Centro-Oeste,Avaria,Média,8.55,30.55,8,Fora,3
TKT-00336,SHP-00579,2026-07-10 00:57:32.425856683,Sul,Endereço,Alta,0.2,4.57,4,Dentro,5
TKT-00337,SHP-00410,2026-06-28 07:24:33.387549965,Centro-Oeste,Reembolso,Baixa,5.82,31.28,16,Dentro,4
TKT-00338,SHP-00389,2026-06-29 02:59:16.692832116,Nordeste,Avaria,Média,10.76,53.54,8,Fora,3
TKT-00339,SHP-00893,2026-06-28 22:22:55.038210514,Sul,Avaria,Média,7.3,30.61,8,Dentro,4
TKT-00340,SHP-00187,2026-06-28 14:04:37.207357682,Sul,Avaria,Baixa,7.32,13.48,16,Dentro,4
TKT-00341,SHP-00099,2026-06-23 12:35:34.188762240,Nordeste,Reembolso,Média,8.65,54.44,8,Fora,4
TKT-00342,SHP-00204,2026-07-23 05:46:28.496271404,Centro-Oeste,Reentrega,Média,14.93,20.49,8,Fora,3
TKT-00343,SHP-00422,2026-07-06 01:49:49.756503786,Sul,Onde está meu pedido?,Alta,2.51,10.25,4,Dentro,4
TKT-00344,SHP-00177,2026-07-12 12:30:47.249826804,Sul,Reentrega,Média,1.18,19.2,8,Dentro,4
TKT-00345,SHP-00601,2026-06-30 18:27:38.446368983,Centro-Oeste,Avaria,Baixa,1.67,60.24,16,Dentro,4
TKT-00346,SHP-00725,2026-07-31 00:26:00.876082533,Sudeste,Endereço,Média,15.15,5.08,8,Fora,3
TKT-00347,SHP-00319,2026-06-28 15:39:43.121879535,Nordeste,Avaria,Alta,0.2,18.46,4,Dentro,4
TKT-00348,SHP-00818,2026-06-28 19:26:53.120937550,Sudeste,Endereço,Média,13.55,22.27,8,Fora,3
TKT-00349,SHP-00055,2026-07-12 22:02:06.629733274,Nordeste,Reentrega,Baixa,17.39,39.69,16,Fora,3
TKT-00350,SHP-00197,2026-06-16 14:45:00.519101320,Sudeste,Endereço,Média,10.67,31.87,8,Fora,3
TKT-00351,SHP-00553,2026-06-22 01:40:21.647213401,Nordeste,Avaria,Média,1.0,32.51,8,Dentro,3
TKT-00352,SHP-00563,2026-06-14 08:07:57.943081962,Sudeste,Atraso,Baixa,3.88,41.68,16,Dentro,3
TKT-00353,SHP-00479,2026-06-03 09:08:53.033618267,Sul,Atraso,Média,11.89,42.61,8,Fora,2
TKT-00354,SHP-00048,2026-06-06 06:56:31.083268448,Sul,Endereço,Média,1.9,28.2,8,Dentro,4
TKT-00355,SHP-00634,2026-06-22 17:08:57.243078139,Centro-Oeste,Reembolso,Baixa,11.72,22.05,16,Dentro,2
TKT-00356,SHP-00503,2026-07-04 14:47:45.542166322,Centro-Oeste,Onde está meu pedido?,Alta,2.96,18.71,4,Dentro,3
TKT-00357,SHP-00664,2026-06-28 11:02:24.723875950,Nordeste,Reembolso,Alta,4.4,12.0,4,Fora,4
TKT-00358,SHP-00869,2026-07-09 23:46:03.924983754,Nordeste,Reentrega,Média,4.04,22.39,8,Dentro,4
TKT-00359,SHP-00039,2026-07-17 16:01:45.876617095,Sul,Endereço,Alta,6.61,34.6,4,Fora,3
TKT-00360,SHP-00354,2026-07-07 14:16:04.238822593,Centro-Oeste,Atraso,Alta,0.2,9.52,4,Dentro,4
TKT-00361,SHP-00691,2026-07-07 01:00:23.817515538,Centro-Oeste,Reembolso,Baixa,1.4,38.65,16,Dentro,4
TKT-00362,SHP-00215,2026-07-15 11:17:42.000468227,Centro-Oeste,Endereço,Média,18.82,32.52,8,Fora,4
TKT-00363,SHP-00105,2026-07-13 03:00:04.254799352,Nordeste,Avaria,Média,9.21,23.84,8,Fora,4
TKT-00364,SHP-00541,2026-07-10 18:19:05.278129490,Sul,Onde está meu pedido?,Média,2.64,46.28,8,Dentro,5
TKT-00365,SHP-00016,2026-07-19 20:09:21.121095644,Centro-Oeste,Reentrega,Média,0.2,39.04,8,Dentro,4
TKT-00366,SHP-00277,2026-06-09 07:23:30.327084065,Nordeste,Endereço,Média,8.27,12.26,8,Fora,4
TKT-00367,SHP-00645,2026-07-29 12:11:35.160126448,Nordeste,Onde está meu pedido?,Alta,0.22,36.87,4,Dentro,2
TKT-00368,SHP-00598,2026-07-24 11:51:28.790746131,Centro-Oeste,Onde está meu pedido?,Alta,4.59,8.42,4,Fora,2
TKT-00369,SHP-00721,2026-07-20 09:49:42.783385603,Sudeste,Reembolso,Média,4.76,30.11,8,Dentro,3
TKT-00370,SHP-00689,2026-07-10 14:18:55.009593932,Centro-Oeste,Endereço,Média,0.73,35.09,8,Dentro,4
TKT-00371,SHP-00051,2026-06-21 04:52:41.007367646,Sudeste,Avaria,Alta,7.63,14.2,4,Fora,4
TKT-00372,SHP-00808,2026-07-01 10:17:06.100488732,Sul,Onde está meu pedido?,Média,14.09,56.23,8,Fora,2
TKT-00373,SHP-00644,2026-06-04 15:07:19.631718407,Sudeste,Reembolso,Alta,2.21,18.54,4,Dentro,5
TKT-00374,SHP-00648,2026-06-18 14:38:11.003116184,Centro-Oeste,Atraso,Baixa,12.62,44.11,16,Dentro,3
TKT-00375,SHP-00552,2026-06-06 16:48:53.871705087,Sul,Reentrega,Alta,2.09,12.09,4,Dentro,2
TKT-00376,SHP-00300,2026-06-07 20:17:55.865087033,Sul,Onde está meu pedido?,Alta,1.49,18.91,4,Dentro,5
TKT-00377,SHP-00729,2026-07-03 13:17:58.595962978,Centro-Oeste,Avaria,Média,16.8,34.14,8,Fora,3
TKT-00378,SHP-00157,2026-07-20 11:03:18.773499173,Sul,Reembolso,Baixa,6.54,26.67,16,Dentro,1
TKT-00379,SHP-00345,2026-07-23 11:53:03.819555689,Nordeste,Endereço,Baixa,8.47,31.26,16,Dentro,4
TKT-00380,SHP-00683,2026-06-02 20:28:25.259756239,Nordeste,Onde está meu pedido?,Média,7.73,18.3,8,Dentro,3
TKT-00381,SHP-00571,2026-07-25 07:19:43.802486419,Nordeste,Onde está meu pedido?,Média,6.94,26.37,8,Dentro,4
TKT-00382,SHP-00608,2026-06-06 22:14:14.778489035,Sul,Atraso,Média,5.23,23.0,8,Dentro,4
TKT-00383,SHP-00887,2026-07-10 16:20:30.132388795,Sul,Endereço,Média,8.29,50.29,8,Fora,5
TKT-00384,SHP-00060,2026-07-21 08:37:45.511797676,Sul,Onde está meu pedido?,Baixa,7.75,29.85,16,Dentro,3
TKT-00385,SHP-00451,2026-06-27 11:40:00.343624985,Centro-Oeste,Avaria,Baixa,4.23,36.94,16,Dentro,5
TKT-00386,SHP-00615,2026-07-30 14:20:59.538394935,Nordeste,Onde está meu pedido?,Alta,4.15,11.98,4,Fora,3
TKT-00387,SHP-00462,2026-07-14 12:44:39.882765780,Nordeste,Avaria,Alta,8.72,13.45,4,Fora,4
TKT-00388,SHP-00476,2026-06-15 07:35:30.975183537,Centro-Oeste,Atraso,Baixa,7.58,32.07,16,Dentro,3
TKT-00389,SHP-00048,2026-06-06 12:19:10.714995455,Sul,Reembolso,Média,7.73,19.38,8,Dentro,3
TKT-00390,SHP-00376,2026-07-21 14:28:19.746957047,Sudeste,Atraso,Média,11.17,49.76,8,Fora,3
TKT-00391,SHP-00457,2026-06-19 14:13:39.158237032,Nordeste,Reentrega,Baixa,8.72,13.19,16,Dentro,3
TKT-00392,SHP-00251,2026-06-10 05:56:37.643906218,Centro-Oeste,Avaria,Média,10.66,24.57,8,Fora,3
TKT-00393,SHP-00479,2026-06-02 17:37:38.484643197,Sul,Endereço,Baixa,3.77,11.83,16,Dentro,3
TKT-00394,SHP-00566,2026-07-09 17:08:28.342170154,Nordeste,Avaria,Média,8.23,20.15,8,Fora,3
TKT-00395,SHP-00625,2026-06-21 11:20:16.175588297,Sul,Avaria,Baixa,7.61,33.83,16,Dentro,5
TKT-00396,SHP-00900,2026-06-23 16:54:07.084277737,Sudeste,Reentrega,Baixa,7.0,34.74,16,Dentro,2
TKT-00397,SHP-00791,2026-07-02 13:01:17.919969229,Nordeste,Reentrega,Média,7.42,39.67,8,Dentro,5
TKT-00398,SHP-00590,2026-07-22 00:11:34.031437452,Nordeste,Reembolso,Alta,14.79,2.16,4,Fora,4
TKT-00399,SHP-00331,2026-06-07 02:06:36.098478675,Sudeste,Avaria,Média,10.2,2.91,8,Fora,4
TKT-00400,SHP-00373,2026-07-28 19:06:27.924628017,Sul,Reembolso,Média,8.53,22.67,8,Fora,3
TKT-00401,SHP-00130,2026-06-18 01:34:20.334684348,Sul,Onde está meu pedido?,Média,7.27,27.66,8,Dentro,3
TKT-00402,SHP-00272,2026-07-09 20:53:16.493983077,Centro-Oeste,Reentrega,Baixa,7.93,63.94,16,Dentro,5
TKT-00403,SHP-00404,2026-07-02 03:04:25.413343500,Sul,Reentrega,Baixa,7.75,42.12,16,Dentro,3
TKT-00404,SHP-00138,2026-07-26 11:04:44.707001976,Sudeste,Atraso,Alta,0.2,33.45,4,Dentro,5
TKT-00405,SHP-00416,2026-07-30 06:43:05.398663764,Nordeste,Reentrega,Baixa,5.28,22.57,16,Dentro,1
TKT-00406,SHP-00830,2026-06-21 23:55:16.111714656,Centro-Oeste,Endereço,Baixa,9.32,40.19,16,Dentro,4
TKT-00407,SHP-00891,2026-07-23 03:38:09.399816524,Centro-Oeste,Atraso,Alta,10.0,13.21,4,Fora,2
TKT-00408,SHP-00810,2026-07-16 21:33:15.509968232,Nordeste,Atraso,Baixa,6.57,39.5,16,Dentro,3
TKT-00409,SHP-00070,2026-07-22 02:07:55.016843243,Sudeste,Onde está meu pedido?,Alta,3.79,10.79,4,Dentro,5
TKT-00410,SHP-00698,2026-06-06 11:03:18.681177772,Sul,Reembolso,Média,7.86,42.46,8,Dentro,4
TKT-00411,SHP-00676,2026-07-24 02:18:28.592166752,Centro-Oeste,Avaria,Média,8.17,30.41,8,Fora,3
TKT-00412,SHP-00065,2026-07-27 06:07:18.379717912,Sul,Onde está meu pedido?,Baixa,15.81,46.64,16,Dentro,3
TKT-00413,SHP-00713,2026-06-29 22:39:51.659639433,Centro-Oeste,Reentrega,Média,4.41,7.72,8,Dentro,5
TKT-00414,SHP-00187,2026-06-29 05:57:40.287079718,Sul,Reentrega,Média,8.37,35.26,8,Fora,3
TKT-00415,SHP-00855,2026-07-05 03:18:10.149083655,Sul,Endereço,Alta,4.07,18.55,4,Fora,3
TKT-00416,SHP-00161,2026-06-07 00:39:32.809653331,Centro-Oeste,Reembolso,Média,5.48,28.11,8,Dentro,5
TKT-00417,SHP-00027,2026-07-04 08:14:36.191929414,Centro-Oeste,Onde está meu pedido?,Alta,0.2,25.67,4,Dentro,4
TKT-00418,SHP-00768,2026-06-29 09:19:10.606424814,Centro-Oeste,Reembolso,Alta,7.68,17.25,4,Fora,3
TKT-00419,SHP-00017,2026-06-22 14:21:55.844337228,Sul,Reembolso,Média,4.55,28.35,8,Dentro,5
TKT-00420,SHP-00204,2026-07-23 23:26:30.166206103,Centro-Oeste,Reentrega,Baixa,4.57,15.33,16,Dentro,3
